"","V1","V2","V3","V4","V5","V6","V7","V8","V9","V10","V11","V12","V13","V14","V15","V16","V17","V18","V19","V20","V21","V22","V23","V24","V25","V26","V27","V28","V29","V30","V31","V32","V33","V34","V35","V36"
"1",0.593333993406331,41.4087408201259,117.70071868587,392.133373888403,12.323343321818,80.0402934138736,66.0013371160375,21.5145226875401,8.31994847010765,22.8921382107808,72.1916200014998,60.3155924517635,2.86195336051206,1.5110480698283,0.863634025945535,0.538135907533428,0.887457404029531,0.920544946287598,1.19069923499264,1.05098115779002,1.21266069076019,1.00949920162832,0.968663918001314,1.40456592389396,1915.14409627084,6527.96854974244,2793.79855856028,4036.08912285091,4954.66974806916,4027.67648169461,5868.22145490313,5094.25463185943,5019.45387492981,5000.24698346985,4958.47618371651,5090.41550468216
"2",0.699485312457862,48.6018086318819,126.559048062641,377.491564078065,6.17970375548521,76.7999740691026,171.940530408163,118.663619451704,4.56645149351221,20.682566289608,119.603366524069,39.5712994559505,2.65075488307256,1.3827865999251,0.736508440723816,0.644831609434406,0.964732846608092,0.89369162747805,0.872314886143329,0.554284989031678,1.57040894958454,1.02031974871291,0.479274298714184,1.06781407387822,4230.28512728328,15955.0045391045,3600.40383750733,3633.15570877442,4995.38517826768,4625.5087156589,4495.88555683932,4795.50965467895,5000.70768761326,5016.42713596198,4883.10710710069,5009.65668918868
"3",3.90295666224918,49.2692051803599,143.878098322308,452.806916588564,11.2077485173689,64.6518186481688,109.040550923677,28.4381145977755,15.7221775466338,21.1149387678437,93.0606584304593,38.1530329661782,2.02033159654407,1.48839026006677,0.735978865018795,0.563656931137731,0.963068875983938,0.895823832325048,0.997552883986147,0.902236749849145,1.07743453821213,1.02837236882512,0.565536475038896,0.953785293079149,4514.70447439217,7520.64158431918,2289.59062081316,3885.36984135256,4969.18441211744,4448.96475444086,5353.64535657489,4890.25920868289,5014.78151008559,5026.50257520709,4897.91506262467,4982.93300125306
"4",2.78197058496662,41.3646428604251,125.569058460925,547.229989570661,11.0608497941575,103.917497898743,74.7549067751145,22.9254433375862,9.82387891514889,18.5084404821698,83.2955186952698,80.6094326022638,2.14990609006155,1.62009053279763,1.14397604299325,0.38808768257046,0.981403905196353,0.717511459805648,1.00770909372939,1.02739078538784,1.13558105262426,1.32957244163844,0.641313435880834,0.645674017801326,4226.83391673528,5807.58767970414,1426.62002390316,4363.10645074782,4992.8961330758,4670.39941384791,5009.58830300954,5052.08407554808,5005.15464018603,4989.04693259585,4950.46476411228,4939.32099307949
"5",3.83071883092116,47.1374244738753,135.590478416047,402.187355812228,7.82413122391177,87.4668885596514,128.69357448545,17.9188211738135,15.180499845349,21.9881880909915,84.3310643918433,70.0033698711313,1.98772195697385,1.52537519665515,0.773127749350645,0.49043556691534,1.07578375112888,0.956150518701055,0.912795881530496,0.929114215139215,1.02366763929553,0.98661275943163,0.842233252884091,0.73267214108909,4737.69571592848,6696.71626715237,3400.17762345233,4290.72108987362,5056.91774205897,4760.29527867276,4641.85069859931,4909.86554701244,5010.20601564448,4986.20300025774,4950.24331645325,4956.33900135124
"6",3.30997853912316,42.9082678041194,111.820269178176,479.223702154586,7.63828317072901,58.2356472131937,127.764980827967,11.3775246731596,4.25658793419621,24.7348827601299,118.962369881787,35.3855483340748,2.00082411007269,1.46652799341814,1.12202236577913,0.534179992914882,1.0131404899984,1.0006391303259,0.92051885857385,1.06119919388496,2.17283173518925,1.1509600170639,0.483918288030087,1.08352241124375,5286.20387510318,8838.27410132822,1258.21747595266,4091.52425531555,5034.62691682841,5016.63211827047,4509.05259826588,5051.64877688713,4968.46208417138,5032.72923862471,4918.16558947738,5020.32813396034
"7",1.79753781184029,28.3125298642831,132.769935115344,428.356506743673,27.5775694583955,46.8867524968053,155.693797123194,30.700245631368,12.2215247825113,36.5830405323242,60.9492041479798,42.2598726969984,2.32464851940532,1.79866792720475,0.705195504106436,0.504702873019878,0.509649854356702,0.986304021816237,0.934144073426252,1.03497230837443,0.495492689533935,1.03338749480273,0.899399010586421,1.05968811425894,5541.9516951096,5004.83040389028,5144.373874433,4825.32845820349,4958.31231918447,4933.09829105799,4870.83166136239,5072.76623080125,4991.89537748188,5030.92029930371,4892.71647284171,5029.06642665671
"8",2.04978661557371,34.7190921665374,119.316198887289,355.052766905824,16.5714740282052,62.5505559638329,266.658923339998,20.2733028114405,6.22201272771494,42.9557905283728,70.3947577855882,73.3774237366416,2.31103403618831,1.6210566369496,0.754590381374768,0.615546737507256,0.949061942674957,1.05108640083187,0.703492768013546,0.968629642721027,1.80566269323682,0.411879437128343,0.730415676147367,0.660266347566005,6275.80827616017,7489.99904735409,2858.77844153247,4289.48216283275,4913.49143060447,5556.82669475735,2596.12796677199,4963.4676900393,5013.50863333484,4963.20069263307,4936.50582354673,4951.02467480908
"9",2.69429148059595,35.5463070445857,124.407272212565,448.516028085595,7.54942859951189,66.2273866880976,154.911283523372,34.3229391362466,4.21849990860586,21.7667208809816,87.2324250993554,83.6859238129306,1.92393600883037,1.60847846317652,0.811763233673951,0.92743619091617,0.999396699805493,0.927673711321667,0.936200614461075,0.970749827096259,1.66839476762819,1.09110399000242,0.593523310453663,0.470714980992673,5425.01079750409,7987.00358550719,2494.3051692105,1719.76027003977,5009.94750627044,4796.28245125291,4818.94567615316,4926.41857707774,5013.91747588991,5006.02846577083,4937.6457586145,4952.45602687007
"10",3.96307945396406,38.2746117641253,164.767756287782,528.168878194512,7.10831351728022,69.7011792013184,74.9625735478022,20.330543967206,3.79783184253572,30.5467490529861,76.7129616768196,102.095399535472,1.83512601142648,1.5092083436109,0.700964456382605,0.442415576859757,1.05466955756414,0.984312977674012,0.839943674806381,1.02393707187349,2.1494705138983,0.795657372697901,0.763635656486948,1.05887312419747,5644.9193789386,6826.65524049181,2118.58688339204,4643.2940508054,5056.65060621105,4819.36749146083,4834.59854303599,5083.58719594675,5004.64438735885,4970.26175329547,4891.50174063518,4998.39159082079
"11",1.77725780226693,39.6939250828285,127.084221657116,372.568001776065,10.2043664172488,64.3749919293234,106.039390994249,18.8188776337036,4.06729355353829,25.8356471146464,93.0931783457555,42.6596081761996,2.09265972743863,1.62157699417604,0.745236504332531,0.588387319944417,0.956667067130275,0.967094265529669,1.01001703310352,1.00854638923696,1.87136630421762,0.953657020504737,0.349299639899736,0.923740960633296,5351.38581756861,8512.98137861247,4340.172292522,4685.26864499258,4966.08017702183,4812.36395653947,5052.99840127983,5009.96411353756,5009.88939237364,4971.167503006,4951.77148409555,4977.62444300598
"12",1.05362711152525,50.644702866235,90.7650635801222,484.806912436522,9.94682016915348,61.1628211940635,131.77408523689,31.990031610255,7.00887078001589,37.2882693192588,84.5472629070387,46.9521873769181,2.67356594677929,1.44370249152242,0.932363449544611,0.458161893478775,0.990681284150205,0.98019241632717,0.908419264243462,0.928381529728592,1.69031950770411,0.964123311938728,0.655442795972309,1.08891250425896,915.010139774715,6755.13605146383,3661.57056220041,4031.82247520955,5024.33314018969,4896.85828945035,4662.07673701539,4845.04844680569,4982.51561616096,4973.6955367609,4897.04590822101,5007.5079943659
"13",3.35674142178763,33.1240195527509,107.179535464265,361.327011000269,8.80331431326064,85.6289028067454,134.775500389093,23.2819878093238,7.00499143834116,40.3074082365685,69.9248513640877,45.6805149419074,2.17757408358271,1.68597355751287,0.768214804142332,0.542623384294093,1.03914138772798,0.905123635013132,0.927235872552399,0.976757646689882,1.58971462966406,0.898025451923481,0.911341778856444,1.24622263545616,4561.22516533098,7568.12985130752,2783.03177120191,5574.64084126554,5046.65284036755,4514.73093109363,4808.20015600487,4990.3124403816,5017.84135817724,4972.33785915634,4959.55126813584,5067.53441728821
"14",3.38234395586065,40.9311044793527,125.951107238816,423.879719454639,65.183581331667,75.4567631392991,120.715477337651,112.678652565589,7.74356066387646,28.5785630376775,159.912917021173,61.5912065994833,2.02504290801245,1.48618040979853,0.790187277628725,0.564169658997669,0.297320997384466,1.00127324275153,1.0193604468808,0.364807979313437,1.14280529618488,1.05940290306377,0.307764147519628,1.07098082290258,5221.04261790235,5676.78973207527,4864.18515487841,3979.13412285959,4948.73259168974,5115.1004028483,5313.44370400447,4890.64652016379,5013.89878079315,5000.85487993356,4855.77918085639,5012.85930808658
"15",4.65651020732359,36.4392414658519,127.173596679809,541.558265134592,7.89778497538984,63.8645038250311,131.413219756663,12.7753648055472,7.97954163319892,26.2286737394372,83.3503573557475,44.5061617735343,1.99687055365119,1.50039300291097,1.01470198702127,0.404015511372741,0.993299391592706,1.03823438534609,0.962319464763461,0.970213085541237,1.48096711198829,0.952269474120028,0.581954791493275,1.09575479305447,6164.30201835388,17151.6549148687,1077.61460033572,4282.14528734132,5007.79102339196,5489.19245513976,4710.0606087469,4978.37869677049,5014.69034463945,5002.66430748959,4904.81743257214,5052.70580966772
"16",3.98503200508176,37.0324519512543,93.1099137126942,409.81226035436,10.9470933647752,67.7620880855661,129.237614529509,65.6478223538457,6.72545513724539,23.5033027082645,98.747019901021,38.0500547628728,1.97706433098882,1.67114744079006,0.885057577490249,0.466803460981369,0.967088245691089,0.885805184178532,0.996126550566522,0.889387677451442,1.70113580173679,1.05246183904634,0.713411089216974,0.996221868141083,4783.9547056508,4507.65791423945,3607.79949051248,4863.05744331036,4963.32758050705,4678.18797377096,5366.35454317281,4896.59058452867,5009.96012028927,5005.17484466935,4868.87731076282,4982.48067477969
"17",1.71828015768105,35.6391873044125,124.799145956504,523.262033316864,9.49669195678972,18.5540375013745,228.439327251171,27.8020414556343,6.97483700222937,30.4649258759407,80.1345317897384,64.2497913385882,2.38135770726259,1.47232055970988,1.03125199430765,0.389183553352524,0.987261842045246,1.43949740221092,0.896930255527154,0.99174951027284,1.08506364829163,0.852466869373211,0.615556452288249,1.02687456577828,5404.5744720693,10264.0589399727,1034.17440351074,4511.54838219616,5006.20575467607,5221.35662756224,4204.16674109088,4979.40187451203,5013.27341285347,4945.95633372734,4937.25820595528,4989.43260522033
"18",1.65022441346785,45.0585969976407,118.728796478407,452.54271733484,9.61835217876942,59.0698514951178,72.783862331965,20.4356882099051,11.8364931418682,31.3116960072119,161.102511429287,35.7683565613142,2.39349239396935,1.48726044800643,0.81235339882391,0.470271484902264,0.925762604446017,1.00472322490413,0.996710672321804,1.00042480918745,1.2473814110041,1.02202167144258,0.546059412094006,0.916498610514581,4532.80308204299,8033.56949346897,2950.62010141222,5206.25600827528,4937.84330776986,5227.58622919429,4873.84927215057,5050.85829168397,5042.83146402074,5010.94221619831,4788.41619604207,4963.92757323987
"19",0.857003832056931,36.0139589255385,139.103875843307,421.999456932962,6.07992855276287,58.4585393257681,175.098459285144,27.8198061603899,11.8332019845525,40.1828780784009,95.8019284166858,52.4152553605913,2.67422677057655,1.56094906574091,0.969906432857535,0.513635322619377,1.05300865311294,0.995048341097796,0.770441218703741,0.955444045243655,1.12812669735086,0.523399129336071,0.835670692128718,1.0446392585819,2151.88753424524,20585.509236456,1573.97383878632,5203.84020389809,5037.76488375562,4835.56280834961,4632.82397538358,4975.89876609436,5019.21648011512,4968.25752335364,4875.60128969236,5022.63110528161
"20",2.36370298572981,47.233711188288,132.501259269623,480.925647661519,10.0728981416449,60.1702940877934,139.986874154634,19.1471012469997,6.04168537785212,41.9510155754882,79.1202274735639,107.384264842694,2.29419575302136,1.51923146194979,0.780220322991072,0.48518727337293,0.982550825414694,0.942883479326787,0.81491849357256,1.04352277407595,1.34831009853013,0.500190803286175,0.584745734651464,0.86683222992321,4654.49294201349,8575.37225905212,2428.3340211056,4043.61958114754,4989.04208682401,4815.34432623418,3558.13768205473,5042.45521938641,5020.92590578453,4969.06341442158,4917.68473130927,4940.08107096267
"21",1.50173861456845,34.9599986317171,115.293875025452,444.21404759305,11.7363722811235,61.3285945860186,105.64346212836,39.4340225350033,7.23011084162173,45.7013658103027,96.4727365231532,68.9821122650869,2.20089250360054,1.59483833317615,0.779557579842094,0.483707672679481,1.03933098776144,0.987470791761713,0.982108869753494,0.91470569607471,1.01043503364995,0.941410236683261,0.447842208366871,0.90588686623061,5296.20354616845,10137.2619711973,4548.28847911415,3978.32689539575,5050.44713540323,5041.82403147562,4851.43712674479,4891.56294478183,5001.21478366168,4986.56538188492,4931.22752654108,4949.52526395647
"22",2.10582264402204,42.2197934402255,118.627302631333,474.992073001848,8.96058612203739,73.3759849035075,96.066414876754,62.2477641969715,10.3326929470171,20.8929949288911,122.478442553374,115.307427441174,2.34051509583084,1.50978796469559,0.841866129139279,0.425929724251984,0.993777217974258,0.935610207583109,1.04180957319683,0.551207368160282,1.09184876309195,0.900590421790381,0.643185851828194,0.26912156789456,5355.31403570489,9902.73751970328,2203.05050562808,4968.832711655,5020.6771263531,4252.886083196,5432.75408082204,4907.54052796454,5016.35756181877,4986.41680152215,4829.03956039891,4945.35384036111
"23",2.46143605149484,44.6433039524152,113.44555803225,433.872548791757,37.4043595351161,53.6609498671397,123.886888365449,12.7001453591061,7.56401019205188,32.3785205742727,79.2149233353825,34.7638586048463,2.05708373277882,1.48679503084818,1.41318505296352,0.520180652818403,0.458000206005207,0.96361356954171,1.06741409029452,1.01798172646976,1.28682348992822,0.603257104569414,0.484503598216695,1.02417000608631,5479.52485271692,12047.2151195892,938.00503515379,3423.4934930361,4954.88151351494,4897.84583690877,5726.9051504538,5020.32485190483,5023.64537257407,4974.59782294446,4936.18568831909,5008.80716093381
"24",3.63557806521548,40.981712758694,94.7620768937483,413.508646235174,11.8825168990507,19.0451975375222,156.219757533688,15.9411192202959,8.69205356276782,29.0224332801515,105.445346584538,62.6502105284224,1.90128600718514,1.63327993912953,1.03947604019266,0.534554878926169,0.965239058255435,1.58198684974207,0.882504056872745,1.02432915994646,0.978112788500172,1.0025505830971,0.344657684931469,1.08209499481877,4544.89081299425,7290.2279488779,1521.78252346187,4463.95068957712,4960.44311062386,4988.80901933702,3639.49736720626,5057.64873845841,4997.96563961269,5000.28627290836,4920.22395780172,5036.89533087508
"25",2.65932054212022,29.2899626978234,133.263424594215,462.889585595487,7.96582839540565,58.633066372664,175.965213174425,16.007966625639,9.17755271071467,25.619494854035,96.0270694116438,47.7854293616688,2.15677070251261,1.77286943653135,0.835240131966735,0.486091469934051,0.987038363954445,1.00099756289557,0.795886236974815,1.02782107577767,1.17204423795614,0.699235598019937,0.744356814111625,1.00462157997436,7460.87516452436,5547.12202925908,2254.00313819234,4056.82231577172,4974.60859107717,4960.77883879436,4583.34820471112,5043.08829216537,5018.42961224888,4975.6909339992,4915.93776290703,4998.91888472833
"26",1.90093469073283,53.1451501880983,128.552406662352,474.340703763476,7.48854534603498,68.5185730480477,125.992831645398,23.9704376284147,5.39967985570935,28.7596407558675,64.574593593121,25.5213081274167,2.40887648283057,1.40879892288661,1.04460435693422,0.454666886069992,0.980082644845851,1.02217975023297,1.03358329232352,0.946684460953952,1.76510108592095,0.989297187931084,0.82610721013016,1.95308053316211,6087.21747685628,11379.5239639735,1442.49258915067,4465.99508724326,4996.95690790008,5257.77613258924,5321.98333949776,4942.84671799864,5016.0908704533,4984.51394859374,4957.01143135262,4940.65574479744
"27",2.52992224134146,26.8363346093865,127.202861927018,429.205191587673,6.66371952717459,88.9336014539825,80.6860026316111,135.529176425144,6.41133687472099,34.1316672778993,63.4898040449831,62.3718392485861,2.40768343615954,1.73987161662018,0.761515249845634,0.589896471619631,1.08471794148052,0.998147627000311,0.931930278193262,0.567584110164368,1.52703334435743,0.637274090690234,1.03871756081262,0.884944795518727,4956.82631936375,6135.87923963059,2542.11962387191,3875.3429015162,5071.40330287423,5332.69460984031,4544.77952616419,4708.6392762349,5003.69306156778,4977.08724328059,5006.09797694594,4913.98016785201
"28",1.58952817841344,45.9846142851201,140.712187579156,392.375811048119,9.08536935668445,48.25020653821,187.65638261405,19.5656406221974,3.86464011649385,34.3308824305164,134.385489907665,47.9936140512229,2.56039909602722,1.49835744915842,1.03078732650974,0.527531160318947,0.954419755514996,1.02049732595575,0.974383945975458,1.01141105278799,2.2047879461772,0.969090134853617,0.490910629881542,0.968681639266547,4484.22303639375,6827.99871137588,1004.13405242208,4868.32386008742,4960.75700674331,5277.46529501418,4712.20664102508,5062.14328935963,5013.01373484756,4984.0791099285,4888.03695943041,4987.19924918632
"29",2.03782170667003,40.1630588323454,131.699266361272,462.836792316806,9.12847555839423,51.381143291609,132.230051744087,16.1334490482047,6.09725472609761,24.6257807712269,102.472485642777,23.7342408608078,2.2477530282005,1.56697272802184,0.862982028304395,0.415665331490111,1.01809383840087,1.06596897665757,0.974493321710375,0.995653810253581,1.30339329562941,0.906160602475967,0.383727375352733,2.39649032753841,5865.52220848994,8011.18714881583,2789.11443008221,4674.65196009618,5016.33019795116,5136.20038403888,5096.48763801624,4978.17719624389,5004.15734941751,4974.60959501209,4936.71017010348,5123.79332909437
"30",2.36000960688916,36.9531051535694,158.350601105157,421.717370310907,9.29743010947306,49.2163996921373,3208319209.36607,24.146057926048,7.6124086625808,23.9130303808178,119.166680412541,73.518913280749,2.10708297988467,1.53679561262823,0.632028972762046,0.526346676837009,0.917309136976543,1.05877923131617,1.00000000949249,0.927956238318093,1.37108266158497,0.954304895885818,0.397707558934719,1.04799313738167,3889.76105956342,16450.7631873519,4930.08087157732,4108.98124865631,4959.47400438795,5317.90003454815,772.735844030668,4935.24106457374,5017.65850589729,4999.63751861191,4898.25324589357,4993.65417185942
"31",2.66354987588642,39.224117633818,145.780879605098,383.413965270875,9.80126492147697,65.0848520461695,160.610648993713,22.4387414313368,10.2666063053638,13.4759016007083,92.9729676023864,42.9079009933809,2.00500624032033,1.4767613852266,0.795852680173202,0.536794848150062,1.0557791897598,1.0079632968343,0.855748015564364,0.88613865650858,1.19363618571474,1.48395623585267,0.691014264474639,0.966132994473847,5031.38093518496,24616.0660611617,3239.48314722356,5119.19136776517,5074.25016196036,5039.18297572247,4306.13342638931,4878.50289647717,5016.22353582393,5042.48077554552,4934.3881432502,5011.27005222354
"32",3.32686351773925,47.8705220408149,121.047568157813,453.614205250237,11.1211069588018,58.7265372815222,170.74782432521,117.407105253021,8.7262783485105,37.7317631426282,107.252555429115,26.9843307592799,1.97233710449155,1.51427175429653,0.821408599613652,0.474989627019722,0.973143657026472,1.00443426447684,0.929815589230985,0.245878453797482,1.07421846024786,0.707030998457124,0.40536528628513,1.1237083709715,4996.05623957613,8388.67324043628,2497.50653392874,4595.93142449919,4972.39769267681,5051.21984731284,4393.62025965103,4903.47639457662,5012.3457972033,4952.2776516604,4936.63542446231,5030.0819021827
"33",1.95450375114886,31.2062051798969,133.454028787688,551.651174881816,8.96326509783812,57.1139395918839,282.895423688071,17.2848565523951,7.04763480484441,38.4773211738001,79.1659486973134,76.3057298861243,2.2637044520304,1.59460789701154,0.877732675770293,0.429717224840241,0.947514319883592,1.01414329451073,0.951896880589307,1.02889333712292,1.35574012133701,0.949671509843311,0.861770033418347,0.976277047683645,5315.21793420575,14273.640246996,2487.38870038813,4141.05779352577,4990.0932278145,5015.17156142864,4735.3938542216,5079.96562775565,5025.45384453428,4950.41388907338,4993.08551057266,4998.66391060675
"34",2.10757281577121,38.8778260162168,90.3367417848468,480.571816716841,6.01619366082351,88.2411373144014,369.577700298168,16.4387986497303,13.338687469694,23.6998855983579,74.4447974001975,131.722424931141,2.08784251977616,1.54682215729414,0.968236896115509,0.424013820699829,1.04165642122283,0.939912301004501,0.356447249968995,1.04649038394834,0.978991800095839,1.1035738793485,0.831755836236817,0.615945616554614,4883.84241783946,11853.530413154,2593.1234071862,4348.48901387588,5053.65683467127,4147.03284645901,4468.76995276571,5213.83158332326,5005.27883010061,5011.61893545733,4936.86254828159,4906.30073499211
"35",3.96928893853842,46.9378782789052,121.60698962267,441.617680581338,10.6056712795718,15.0916007926561,65.8826363535279,24.8696531638329,9.99824881663888,44.9713458133035,95.1288175972501,62.4506948602383,1.96278466215548,1.51679811674964,0.803702807090686,0.546292064550369,0.987620886076351,1.70543798124525,1.06018648670703,0.93762060787532,1.04163850453799,0.140299698915284,0.537241712119626,1.18220000285753,4668.55130069288,15843.7246832898,2799.61902295961,3064.25796219695,4985.38858313182,5076.97808782447,5354.85841331651,4863.24565769912,5007.67236110054,4969.19883340307,4918.83251250141,5136.83443164005
"36",1.73381032328698,35.0808516731055,121.099681997681,420.974943429033,14.8900107595887,72.2555841001468,131.935185346316,23.3640246412754,15.9558117311338,24.1163912591106,74.3525901049292,87.086331478437,2.47234445126333,1.67547446211597,0.789929985669573,0.465864393891301,1.00362254164052,1.03524193159578,0.962747129644606,0.993490602346401,0.858716440106939,0.941391439920267,0.969285825717426,0.939593253139079,6075.39252278768,6922.20329570914,2580.40475743168,4664.57806358199,5044.96817560402,5311.60848626722,4499.72222419216,5033.69738599342,4971.52797489731,4988.71748887038,4988.05128836258,4945.6612370192
"37",1.33712929724914,41.7206586715459,118.92570287774,474.49087359574,9.56801376137442,45.6406262463861,282.511808998888,30.3386950910564,8.75458132457724,41.6691090284856,95.4372702728216,44.2676553295219,2.44073672559318,1.41752591597554,0.832794967765198,0.771192130235476,1.02335710704677,1.01142957017899,0.716228005668122,0.918881456031706,1.08371329666252,0.779788475208101,0.875764393263426,0.980198894755014,3986.05830602175,18946.7884937748,2254.32445533119,1556.98807759561,5039.21596558933,5262.15003258175,2486.52011087355,4832.46974523794,5010.2525528336,4973.76832369767,4921.54847342276,4977.54708860452
"38",4.50842759928075,35.7661358262946,118.06140390776,431.718973886735,8.19781160712777,57.3909075167928,95.5025265569412,10.3903916632974,9.50442645426291,56.3437240293992,65.6080869980034,71.0141781255872,1.92905261239796,1.74293038376568,0.775257002995623,0.523950501964463,1.02922679938311,1.04036689032117,0.97904108566047,1.00000364577525,1.26389109386939,0.692364140139499,1.25457598526652,0.969290386985914,5241.38122594308,4488.78763950057,3403.45247172498,4636.56908429439,5038.61901833958,5232.60190344901,4666.21911899883,5016.10627729911,5023.28287673223,4933.4848245547,5151.85064148575,4986.85701760871
"39",2.00365233625072,37.9174735608417,107.445523352524,351.468382020706,16.7858179363088,56.6253119252021,229.581537617791,38.7350457261695,4.92763279234029,24.3316241413693,101.03835916084,51.8400312196535,2.18195435172992,1.4779960664176,0.874357565766144,0.545666957855,0.865999824745633,1.05716359643356,0.700001500313976,0.931904041270527,2.19467583887415,1.03643344579246,0.599977061240539,0.953870408870868,5547.48283445731,15337.1497015351,2363.77833416866,5184.21630273232,4923.55683841407,5202.50507487193,2231.91955020358,4830.38167754029,5006.26504637288,5006.69689097791,4901.31452803605,4966.85420120865
"40",2.79264737734572,38.2595337035225,128.878649724487,376.951081904541,29.2595122831601,63.766307064177,144.082088464316,28.1970638268151,10.0218787549762,32.1272968614833,68.4534805814691,90.7616053394595,1.99039829323878,1.5720123812076,1.17411070780411,0.542512425540123,0.548009141423454,0.999921410406146,0.92588529673423,0.946622637690857,1.18556593143081,0.936466837860623,0.666896919977266,0.775603954577663,5204.80449497878,6412.65571770646,1059.60222564669,5196.69435262014,4957.41933627822,4978.27321294204,4621.83848779271,4886.0096746481,5026.46401108743,5000.54114413362,4938.95452673569,4896.92339166317
"41",2.40134437521072,49.8205291268264,83.4555692640604,348.521150086279,9.82449326053626,36.4287367614905,114.025061530437,44.5070573674994,4.80202538674511,37.8634733622875,87.9184388364977,143.505724331186,2.21609036022426,1.47350194998779,0.999115894589054,0.667138766423618,0.996729371126229,1.28649542700122,0.898676035463064,1.01079861770687,1.92937318180368,0.706291588786216,0.617799501676175,0.50681258732537,6075.89122964664,10646.6906955229,3061.3195879117,3398.99384596923,5003.39945745424,5574.802461817,4599.38608069184,5068.20928782531,5034.14760435937,4960.44280581411,4928.15210686387,4905.00054197162
"42",2.5664478335964,36.2242075331985,151.904145643336,519.106092884891,10.48219947597,40.7417008668789,82.2037006550053,17.43069527021,9.37013856257432,23.9889947070115,161.898267096161,63.9320958573181,2.1873649244637,1.61226673513121,0.680039010555968,0.354703978241605,0.962404746285232,1.18614093593892,1.04418638581361,0.945351490944895,1.20690912930007,0.890134919562129,0.421597322693812,0.976887530777511,5524.45832522461,8211.16292987311,2843.18839958199,4209.00754211386,4978.8927802443,5578.11266677402,5567.97290165813,4923.8222372848,5023.06400503142,4986.03701411479,4839.06984275605,4996.86611542863
"43",2.49783390979193,41.8291216900296,133.576477218832,447.699059941062,15.4813956393566,60.8214556316126,94.7551099328245,48.0445506735944,11.3779808308098,31.2997513292834,76.9375495314477,34.8179783094933,2.18493048091231,1.50063320051614,0.71047791965139,0.442924197152377,0.996167341980792,0.905071734258005,0.961167233827541,0.682454690161797,1.02951181067235,0.887992398430117,0.666962208369874,1.10600668743457,4747.7829976421,5169.89834540865,3350.00556720644,5094.48402816048,4993.3221329181,4766.07623297194,4758.50723537344,4879.98323310902,5010.54134742992,4968.3358397275,4939.33054381455,5026.02459237566
"44",2.81766136651565,49.4546551132213,101.644517136774,515.308676107616,14.4589773195953,57.0068334456451,66.578005406412,14.3909096319125,6.60176882794242,19.7739289027578,80.886518436561,71.9468836376193,2.08905775580875,1.44665368050196,0.880285685187111,0.385344336558488,1.00437437006934,0.975565235941542,1.01932665372921,1.14243892949921,1.45091992853034,0.926770955484488,0.926090026704137,0.939889520748053,5164.52166500541,7832.69045032891,2599.99053697545,4876.29371907659,5035.29246419719,4809.92641417512,5120.95234037349,5199.01058783017,5007.08503084676,4996.7661048022,4962.41321645974,4963.80500098828
"45",2.76689934686555,45.6016672437158,106.134502168668,457.181002709394,3.92826742839269,102.780875009447,123.587487068097,95.1699359240669,10.0731452838847,25.8096719625589,111.211913419418,73.8634703524594,2.09557526414488,1.55808688442924,1.41102572811025,0.431684078183453,1.03521194654953,0.921399615613217,0.953462359109814,0.625352188249554,1.09289860101486,1.25885610524338,0.316553297855489,0.857855723933921,5668.03844482542,5779.74615204501,918.980438319446,4609.34842449721,5014.63968957739,4532.07971466064,4838.44311592374,4798.04661186782,5012.12711466672,5020.17846009342,4918.26119561968,4961.9973337157
"46",2.2562896693522,34.8730784099302,101.879583267863,384.259070604482,18.8881939129791,71.9468099775505,75.440596856237,43.957793511144,8.61948043315515,19.6498832319807,92.8797269045947,47.3236339613889,2.20688493606425,1.61067062282872,0.833810305340101,0.512449389835298,1.06390228941316,0.916707325367488,0.992208218406164,0.817254535469748,1.10719182210509,1.07218862565487,0.672571743913261,1.14179889201853,4684.04120994457,9653.71074616259,3265.40018251069,4635.51740805659,5137.71276537703,4333.88781523751,5162.70732543432,4814.92094871757,5010.5569792106,5038.23888068845,4919.73262290565,5038.04041116189
"47",4.82876680553376,43.1226313393796,148.202586716637,673.029981056929,8.21742490945077,56.9841429058413,109.040855617754,21.1157838626411,6.56754409920303,41.6161874450723,98.3212237757675,58.5973665539431,1.81698206922402,1.51504879802155,0.759505139799576,0.931065688784215,1.01443982109804,0.971884262227985,0.989279069653246,1.00802274734586,1.3844728120329,0.525570196496344,0.45345463100556,1.02470103666256,5489.77747926275,7759.94866004421,2164.65542179606,1311.25282439487,5011.63243418763,4734.2678776434,4718.54994186409,5037.17373630964,5013.99049862045,4971.73522979916,4931.61306902436,5033.6325708732
"48",2.68622838539516,53.3067087561614,131.074239949771,446.171347662364,11.8040076089042,54.6145812038835,147.209750578025,13.572951664519,11.5854894687809,25.2883291502325,76.0987611188918,28.5726563154874,2.15533101178642,1.52544431964094,0.79705488881441,0.517756885923235,1.02380909384591,1.04009572498354,0.929811355599778,0.987786108666848,1.01464148631678,0.949352273270795,0.942377299218211,1.14891677660668,5644.44491888575,4150.25217436367,2624.89263829508,4140.91923650478,5051.69242175495,5312.85711027341,4258.80665987947,4964.49502944587,5003.95774177373,4979.28185923754,4919.76734762645,5054.6993160324
"49",2.29411300635706,37.4712336379186,122.628606411866,355.590838193918,55.8689970022673,55.0903915138433,88.6392406985989,13.1150301165356,3.24995721414365,41.5414816673518,100.069001747093,64.3371307937086,2.30493723626757,1.60024481071643,0.813898320240936,0.583139963582602,0.31977838108998,0.974315407072801,0.989695308820958,1.00396209672724,2.49644232762384,0.707615892383091,0.46703398233369,1.14164164617755,5368.59679786236,14854.2143383451,2234.64033489654,5081.37915163593,4958.09633859386,4599.59603237102,4911.29145337522,5023.16175299923,5105.56109414944,4961.18291878756,4898.54772435843,5083.0831419665
"50",2.97946656965299,36.3390453208979,102.388222587173,498.644774038912,8.33764018284332,67.3239941900924,123.122861749204,22.4184143778569,5.74416421086261,21.8734706654412,77.8594056508553,75.9997695703495,2.11346760602356,1.61119739152708,1.40002184473761,0.432605841206244,0.981480926043834,0.925162384039198,0.97681789703591,1.03136278952915,1.24561703034121,1.04533328070726,1.0062850527258,0.590654533726615,5179.54660833981,7616.14401610711,918.493534731638,4588.24399447873,4992.41921727567,4729.78339778763,5031.23188220066,5040.1542342941,5012.33712571966,5028.40765522927,5019.40989714519,4957.79163047656
"51",2.28192569817304,41.3014280369055,131.336005495758,378.848871168529,9.25796254113338,50.3943601789021,94.4720213132648,21.3214536964812,5.41508183233864,30.7668019701688,131.616719084099,122.224661202355,2.21348281784175,1.62098160194239,0.769674385870873,0.586976471508021,0.975360110637359,1.01096441382118,0.950161285677388,1.0200242481432,1.19958784153315,1.0248142235146,0.204889762343273,0.661531223330818,4310.20507618884,5360.62241536911,4967.20561326561,3261.17317422927,4991.34279241577,5236.92186485131,4902.12449710893,5033.42679309951,5008.6147275618,5037.58017172739,4915.5692120201,4916.68265636017
"52",3.75392505043099,48.0737511581739,131.192160159554,441.439250809545,25.0968997580208,52.7781314264855,365.270908697363,30.6570175338466,6.15353533997747,25.3238223471069,75.1258609649236,87.8840221405168,1.97993850745377,1.48153996265971,0.687772838251342,1.00843464645258,0.611596862471113,1.06697731382743,0.797769404599909,0.99565027064794,1.38040137107054,1.05262253334275,0.626440662683386,0.6366535525747,6018.73764036369,9254.80786003756,3803.79425942095,1642.37127944744,4948.15023160746,5357.1650331849,3325.47116257767,4971.94191410078,5013.8153832102,5037.88659821934,4898.57839195868,4938.37716503077
"53",NA,NA,NA,NA,NA,NA,NA,NA,NA,NA,NA,NA,NA,NA,NA,NA,NA,NA,NA,NA,NA,NA,NA,NA,NA,NA,NA,NA,NA,NA,NA,NA,NA,NA,NA,NA
"54",1.72842055974451,41.8549074006013,134.505153249606,452.351596060791,6.05886224256197,61.6494049410134,100.504179001468,16.1213067672061,7.55220622037004,29.0717266394165,106.972664596328,54.5669236157796,2.522018640705,1.59132125883569,0.816422338065484,0.509721022272227,1.01950966357967,1.03287784384245,0.98263554656759,1.01573021206732,1.55740701316655,1.03739519274324,0.450891584416846,1.01905557808354,3348.06746734827,5212.36786024252,2199.47205676331,3940.73164627274,5011.1414696477,5699.01579449549,5058.20436532976,5034.38814457116,5022.59038708943,5024.08764940804,4888.49356784265,5003.49996488115
"55",2.05687327551823,31.8384077320847,137.455678023289,435.237224193327,13.7074475573056,91.4471605963189,233.860328210406,24.8751288588938,5.37695692147889,17.3897259166184,150.115656479162,55.3931781633761,2.34370014779504,1.74613653796571,1.04829563649493,0.475528770490762,0.843421674798113,0.882715373090278,0.437140876612866,1.02088291137453,1.0709765544771,0.846653301520865,0.200908311146989,1.06615958505658,6451.83620042045,4540.23268540945,1237.31733315896,3712.70847262762,4965.35547422327,4680.86456035967,4625.45585222586,5081.93076495536,4999.8504800968,4983.70890258095,4900.87326030718,5027.85671960616
"56",1.64183732973968,28.1975997670931,116.491065591775,605.138541488688,9.51324176719123,67.5634611364973,109.422795853964,32.2684988754604,12.6540666948426,25.1901081451801,97.0536361557257,58.3380795301477,2.41667031241589,1.73120487020492,0.822165948391088,1.24886644882096,1.00031956722522,0.961040288610472,0.96050288291142,0.98050666658572,1.20858824722752,0.959016175389931,0.750876156726832,1.02199777155449,5430.52980156305,6257.93802773507,2509.50122162971,1246.06423918054,4992.62454668599,4620.09560699825,4886.82968449117,4935.08985782001,5028.54886678982,4984.3713529765,4908.04745502882,5011.00116335404
"57",1.73087011610571,37.7327128774988,122.531781512996,601.765375566586,15.7134088365383,61.2625973030235,102.288222766397,13.8945430532771,11.3880966028191,36.0152270701907,85.4428823513829,19.9724838059499,2.45298393608064,1.5887892543259,0.752497365936808,0.333303607761493,0.91786180063925,1.03938071822687,0.997479518264617,0.978582552884782,1.19694231676138,0.704747804472284,0.72802895615596,1.57192788946365,5540.20591803664,5987.92331907316,3113.4813114368,4507.93824364019,4950.33259528795,5277.92891880674,5009.22704534009,4958.77852734723,5006.84310916949,4952.44035866118,4899.26464279808,5067.05111403406
"58",2.0564237210608,37.0650536835227,111.978196770457,471.576948648994,9.302959226703,58.3889863683913,164.588315170679,26.702877375598,10.3425400982429,39.7258063752455,83.6781306810253,28.1163694307381,2.18740801493474,1.50936629530272,1.2334316530507,0.425067515625603,0.976013780889513,0.978681279672301,1.02692228626792,0.916295829502843,1.0049663456143,0.532844152201367,0.643845843973978,1.16212111032676,5665.64812617988,14511.6089917484,911.408792772926,4576.07434946606,4999.78629573129,4414.46127152856,4858.94347227012,4860.96979323492,5001.43031860291,4968.43274437693,4933.68497521283,5057.97316193915
"59",1.48456725138189,43.1464589914318,110.952075053852,375.317768985523,10.8536405775792,20.2053293517204,651.680064115078,19.1264281193441,7.20420914467735,28.3287436861208,55.6432155402786,38.0059021462877,2.34034378042116,1.55260680245964,1.13323774872212,0.584977084868115,0.982850393867564,1.47570463415615,0.19253790343791,1.0043465154932,0.99467233264548,0.964732643938653,0.979023486595288,1.0909389104468,4741.77446654421,6045.05590056785,1222.46913440735,4460.45898492575,4991.26098425545,5446.43051258515,4431.3203513856,5050.78978779278,4998.63889606123,4989.17721829204,4949.14951213386,5018.54501071256
"60",1.05125450590921,56.2430908052735,97.7571053345351,562.843237296109,28.6644357733893,55.1399088903178,55.4099264749206,15.2346124881205,8.65214490731293,21.4572092934751,66.3029586423939,37.5489065092758,2.6857760343636,1.34457548906011,1.11499069162934,0.352431064417958,0.58271431877683,1.00330741466429,1.21647032002155,1.06886143823514,1.05589568575984,0.71374264895558,0.871456864990489,0.952608576423711,5169.30403380431,40482.902893285,1112.50647506105,4729.51902114281,4949.88242652543,5028.85181102922,5570.84173893534,5158.34102906669,5012.03930707397,4976.2391762945,4957.48523908375,4981.15278863425
"61",1.71683801631222,41.4235886190555,115.416147448563,547.631165702704,16.2472118395647,92.0888244364657,135.846580533384,28.7666572327764,7.78890371246899,37.5718356961907,79.6937958969518,25.9876437633797,2.35352548502636,1.50526125600864,0.776481938844404,0.851487614897916,0.956632345490646,1.0106889968207,0.931266224251153,0.965510470957451,1.34609585577585,1.0296396034686,0.730366742735778,2.13840370638254,3572.88123956662,7469.08224498775,4555.65474923204,1538.16812453743,4955.88484533671,5196.57581573478,4310.00045535403,5031.98172186621,5016.90437423635,5031.27271046833,4918.42733109472,5275.39990251939
"62",2.04826667021176,42.9362705701363,133.443218413739,400.177903448328,10.8719945084167,78.7859899171282,116.589321537498,29.1287211530398,15.8384160726424,17.6085121527034,81.2024878624778,58.6068909593212,2.29837612046547,1.55976543212885,0.735161713370778,0.512725450758462,0.995526745350332,0.965312685191289,1.01368865230215,0.973223917349932,0.439135056658028,1.08633350690492,0.777145036090196,0.787124876467091,4108.6079584372,8071.36257613694,2775.72527850504,4628.17931904037,4976.28703936177,4700.972453059,5158.22863784414,4924.00467346823,4990.52111735349,5050.29340974131,4907.97352683648,4961.84661985274
"63",3.99353969788631,43.5354204342572,146.848093676336,425.372569604073,33.000906913478,54.7233911653212,58.2053808229964,18.982088259909,6.08400466753348,19.0423894755433,105.403888700168,59.5698048302148,2.16210678417325,1.45406885159757,0.683841076676751,0.51654543001712,0.563799555768542,1.00066642731732,1.06542502490556,1.01546412313672,1.41921403696094,1.07979167550682,0.598944010231075,1.02418080094947,3318.91962948921,16904.8194125554,3282.99087125267,4330.3204958476,4938.2757170863,4867.93564513786,5399.56314732996,5022.24532421212,5026.71333146435,5026.18484846727,1302.73456973522,5028.74162006818
"64",2.34648852709601,41.331873366387,98.8615997059122,413.445597111813,6.42570948608442,74.4650275693206,305.495774908095,24.5901401603102,6.96506544774411,22.3577891270201,94.8860574827883,38.1595131442146,2.17213936883588,1.63545165626249,1.11989810614641,0.531335928440634,1.02621756511634,0.978098273362436,0.682416206014316,0.986667344648374,1.12152675438415,1.08549635314861,0.849275006339951,1.53059682058436,4264.01216492949,5596.43821652148,1223.86960731428,4784.26954262083,5015.38067373642,4997.11376278242,2144.04048851159,4986.80135286782,5011.81042167482,5025.11883270961,4902.89957506457,5095.64296947712
"65",2.39588164997054,47.8349887890996,122.861339957002,426.977729840088,28.5537223332901,55.7749994060807,146.684287965523,129.220286431774,5.93125798882098,36.6759926449057,110.891289048902,53.3245550594557,2.21449618566603,1.48339032820784,0.7711007199863,0.49942946537969,0.411530538429725,1.01546943945993,0.988592299497666,0.474442977443708,1.4544849063483,0.744032260062082,0.556122469685434,0.909809537050475,4930.15225503086,8672.65408673167,3106.62523129504,4539.25342771474,4971.62038201683,5120.46373754331,5083.3032924268,4790.66847827009,5012.70564670465,4964.28174734176,4908.39970455372,4971.45557811021
"66",2.71061234855469,38.6152122731854,118.024565613444,472.034584837156,13.2894814427254,50.7101928132979,84.3823882394931,115.401231108604,8.23530351539679,18.7135534300935,112.291744983421,67.9453630998697,2.25707290979672,1.53558413448234,0.746665266899239,0.997541902009392,0.982221804744419,1.05895571643496,1.1068085914521,0.470885073146193,1.22542849104657,1.05136252520725,0.410622975239632,1.00289163580535,8114.69900910719,8080.86219168941,3728.51601916259,1477.21868787727,4988.27997950319,5510.17263978845,5841.9222838012,4850.81201390077,5022.88900080578,5000.80437785671,4923.31802120199,5011.32472536913
"67",2.21577870937011,41.0606004814456,125.571049757632,442.021579474691,9.25101350226753,152.78683169007,184.207136857507,28.3912298503628,5.79121326632889,20.5461528214912,105.509257318123,66.1324617683278,2.30178142144567,1.59706349676165,0.767154620956305,0.455807902247656,1.00321435272582,0.634372392498144,0.82361354517396,0.944466122295032,1.66541405690099,1.08321245701958,0.447362118163231,1.01585082911996,4475.9207911522,6267.63565575242,2939.26638867702,4865.46991675649,5011.16110510589,4775.51349591867,4104.46743300587,4932.47632637294,5009.82519820971,5030.82079457857,4918.71690254637,5024.16646830202
"68",8.20653026209087,36.7404197916173,107.342737688925,425.458070814005,6.76054061160545,55.425374615789,169.776561304732,36.050360190207,8.46674542569509,19.795281204207,95.0485862034463,57.3021054975365,1.79402569908688,1.52069296205286,0.787713786658616,0.426366147105682,1.00031997791495,0.965204840056588,0.921973177321823,0.984547543657226,0.978193041046093,1.27776619180841,0.991285182783589,0.54596564243971,4652.48740811895,11910.3754717461,3895.57818332502,4953.3951326496,5015.45770152057,4951.34848680541,4465.20329583451,4920.53300041521,4998.43128169247,5031.76082736943,5004.08467341409,4959.48459661617
"69",2.51977338294696,37.857029636886,123.949011026088,392.75355859305,1.89934761882388,48.1127917579357,83.9704551113661,22.3912770264994,9.40453877972332,29.9839812508628,56.2923589513908,66.6914591453379,2.21912033081991,1.63796937622333,0.835901347942854,0.557401648482832,1.68401585036044,0.98382505820301,1.01522808748573,1.01837129693841,1.15493682828935,1.00616799092061,0.919493558137588,0.616979557921714,5482.71806751233,5634.17641153731,4114.63408122347,4981.10800139465,4874.67170189538,5062.35972502861,5223.20284727399,5061.68211703401,5014.03222189722,4997.87610389223,4935.68905509088,4947.01920987441
"70",0.797375690824257,48.1888853992738,126.344653142258,502.010228162217,9.98363704259702,54.4827495434892,196.335318963826,20.3577479371183,3.61808426591845,26.8402025891691,74.0655494492979,114.291587591185,2.63408575696491,1.46966789662821,1.0212496827974,0.43255849884665,0.998907360625504,0.969411752965504,0.820647580353631,1.01657759993784,2.46970020655196,1.02967695828829,1.01096461975099,0.862276636789117,4905.87381650696,7773.50047959527,1479.88893682988,4320.72786436524,5010.9113982147,4890.10241000938,3241.89675782892,5045.09987661417,5137.59546573589,5017.70033579339,4945.50156815048,4911.95432446027
"71",2.02765869090646,58.4461890855045,132.772276020997,442.00317845288,8.074929555086,22.5157672004203,170.464311814946,16.8576207580426,10.2992404785386,24.7525438806685,85.1453673855628,100.569299266611,2.24129161709648,1.4010091735375,0.731217500985888,0.484107756190085,0.948658508526312,1.44912075307586,0.868646470077662,0.946494025591728,1.31213639731828,1.00217634059337,0.376240794509514,1.0196824717434,5503.85866056831,11329.1276877835,2077.32665484037,5076.17326198399,4981.54977077727,5474.37294274129,4429.18227252067,4975.98932616514,5012.87950587032,4985.73425607517,4949.31420295061,5004.28450807777
"72",1.67995729064644,38.2538795612093,145.545647375407,377.848468314689,8.24125388653055,64.7674535860184,174.943106070878,8.67576401815942,11.0510764883331,20.4375229231635,130.715569679926,51.4548142454519,2.40290246610662,1.54857975282063,0.715325013126411,0.589273956672906,0.995353687522392,1.0331057781646,0.920951326361703,1.6059221292186,0.994487534454573,1.28320034909013,0.379295741949415,0.947312583467695,4408.33491596265,6017.47536788874,2944.69814737561,4536.457658098,4994.01263195314,5256.77187349243,4464.2573872151,5520.73994026757,4996.78636776024,5039.19258420215,4876.5059143645,4972.31674818103
"73",3.05005114373135,51.6603082554879,168.153751204628,404.433593226475,9.67466258620767,67.6812277303269,150.396231765635,35.3959564823523,7.51991441537246,21.5833220047723,84.6709680702067,47.4585820100673,2.12585052688688,1.52331054406358,0.705490430515372,0.973686775667627,0.989713695605518,0.927131475145697,0.88654927202315,0.953805327968036,1.5644474457512,1.0920886125036,0.412942415272419,0.953131706954556,4771.3643343147,7730.23626981778,1996.2313106778,1497.8219742367,4978.08203293686,4732.96337810828,4043.88559081385,4887.73458043306,5025.89495914262,5001.96428992262,4920.16059893112,4976.51976376135
"74",1.96843933572523,37.9837054257021,129.137355589268,522.143309597235,7.57488326182592,45.559471482894,329.490325918482,38.8731855786918,13.3892308089341,24.0053564849055,114.56173169687,52.4198271659266,2.25226263363185,1.47863493013668,1.03765377128683,0.866235322588066,0.987735099064311,1.16941201075545,0.651910237054128,0.708021832581224,1.06674133148589,0.973213065307502,0.22862991575848,1.06904058400687,5769.19666790897,13381.4292245608,1049.62372589378,1366.02802559583,5031.55374174598,5400.67858671225,2471.22071536799,4895.29287282703,5018.48402742026,4962.00009131549,4923.51798350142,5026.71319367437
"75",5.62584918643843,45.5380728417456,134.556631280608,438.007984908251,15.6965854795304,61.4895917129033,170.832592639334,22.9474987640998,9.44758720178691,30.5573440436012,77.4461614886533,57.7567254828495,1.79332863908433,1.5398172425247,0.768531451963454,0.479236543031138,1.00360850104177,0.920668903661023,0.953703968893131,0.947374924024077,1.16921843953534,0.876215831483042,0.692071766693905,0.893235975432825,5501.29205559804,6365.34128944815,3180.1637184683,5015.71394100283,5033.51663220109,4308.77157994092,4810.62607691535,4903.91470485327,5009.31622632415,4972.46150178481,4881.88270290072,4975.10450254396
"76",2.84697016884188,42.1670858056581,113.81552584832,409.809132724375,11.6499068002055,21.3528911634386,162.373851294506,18.093274854422,12.8880188528812,20.8535647846001,87.7758785770513,106.149038897243,2.1087956130515,1.52585369455256,1.29831001877905,0.491226112773365,0.937654657149581,1.51238884875029,0.867799497118998,0.971039160990797,1.03913964457718,1.04975117397869,0.610479006459967,1.00928802448515,5645.69979035003,6991.38158709057,930.783013080109,4893.60810885906,4950.50078072949,5116.80688889741,4269.4893237581,4994.86386133495,5011.11808653698,5011.66424767322,4923.25585736197,4994.05155020989
"77",1.93132758980155,36.0473312852568,123.857055181491,386.590509429205,8.44202820854405,62.9253830931574,136.905400704954,21.4744921462192,5.23674371106573,11.9642520883809,107.385347185938,41.2573319659614,2.21923977221676,1.57088533989503,0.81295184453091,0.614609543809437,1.05011576610287,1.00990427747367,0.875804637342153,0.943991357044668,1.41488074164093,2.14581937042892,0.371267694100857,1.00342479459978,5420.04137445098,22042.5760320423,2626.32766171027,5340.37777503061,5034.11345350554,5195.15771234073,3711.01441396826,4944.34526326119,5015.10563018794,5046.82269474151,4933.18470490343,4988.83644646012
"78",1.71296854583114,34.3342402591487,136.457135288125,439.270670979357,10.7658821141349,37.0069947945817,131.091736576861,26.3826017006709,5.72964476263302,18.4850209807928,93.770370615483,59.6416872216241,2.22946576810422,1.64761024454964,1.07649930052939,0.436471533453267,0.993103578884608,0.988898517007198,0.988206689413262,0.946542734442512,1.76744136442281,0.988576434412801,0.555200836777032,0.986397660796724,4854.20200675259,5538.7598878518,1106.43707583509,4504.29123129215,5002.16907228002,5021.98358179467,4749.2736732005,4858.84941772894,4993.73079613772,4997.69905652012,4912.84771871087,5005.01226406884
"79",2.99727350992467,31.7383696049175,98.7751263407758,364.676809179519,42.9847300029299,196.401156300461,178.489266794324,25.123378494666,3.8342833500637,26.2239474085453,99.899818178402,62.9406544264276,2.05553095248624,1.74986029646224,1.23130406208709,0.65812698500628,0.465476657159516,0.441789913519624,0.886760663395876,0.969618444385788,2.02767855966312,1.04612213032751,0.265981823316856,0.760814341428194,7821.23671954232,5882.84068278551,1162.27693094505,3056.01561537193,4952.52737365715,4695.92269076143,4424.82094654589,4926.32073590089,5056.93528118379,5048.21223370854,4929.85431252098,4952.88712730229
"80",3.47694158160441,36.1321948264257,138.382314552039,479.230681508577,7.32930173605384,56.4874013411896,15.8966042091892,34.6743132218074,4.69210045746616,16.8282645580552,96.6596895063758,40.5012112850727,2.02910429960184,1.601511613125,1.10368448856275,0.438751660188605,1.02735393265429,1.02439048368515,1.76813863938312,0.983598936813362,1.93304817016451,0.94672064614685,0.532575311821203,1.04358620636044,5172.33616793492,18511.0151406243,1090.56348213752,5054.35002610617,5010.80863107971,5137.53673557594,6084.46392343752,4929.71951265213,5017.7329985479,4992.52029824326,4926.6331370722,5012.4410148719
"81",1.25539036419333,33.9135385850146,109.427408483516,461.889858934984,9.62788877900908,64.7776532460492,142.27943850561,105.526996245468,6.80359642687649,33.071440206981,65.4659863340524,57.2150483638297,2.25665859995838,1.65698758935098,0.725488127336,0.415815912683189,0.98712765064884,1.00941118554307,0.9135358152241,0.314250167838073,1.62221999941256,0.897183642834592,0.931829944747999,1.00514398074064,5004.39121315206,6135.87283771754,4973.03044722164,4555.12911713162,4959.35204830217,5350.20881401775,3677.97969949747,4916.07632897907,5019.85054139176,4956.37478225211,4913.80522743615,4966.13235530134
"82",2.4331563854523,37.6259156119403,117.262618168891,455.084954327831,13.45543812032,11.1858460677108,111.347137931451,18.0970621192616,4.43979473757476,29.8291949942966,122.855557854398,50.5018502632603,2.2594497288053,1.6311991273599,0.855380075820167,0.483708681833515,0.832520805001861,1.9090694958094,1.03691562746757,0.991847620949982,1.97817402245547,0.984260972237255,0.286403803216844,1.08173200532432,2903.04043930048,8228.90783416004,2116.32732527138,5022.28769609664,4949.59586121003,5997.88188502339,5390.25177785012,4978.78808263542,5015.7993965788,4981.28017700417,4918.92142885116,5027.02753012593
"83",1.85338528580659,60.5192679368661,107.086267372519,467.804812770952,8.2315328214806,53.0893924165234,147.287174917797,32.91982323076,7.07534514264199,36.1399721978896,95.6580956757356,52.7599257445512,2.42657089735974,1.35919915119598,0.829736097590972,0.787820919119554,0.992701291129346,0.985695599083791,0.931241895984032,1.02060219660429,0.984072238301721,0.744253218818775,0.425756199632282,1.08080575006737,5199.62358519278,8341.95259213467,4628.34526361325,1807.07182393046,4988.33523566083,5132.26523121525,4606.36913146798,5176.44181391636,5003.21137560161,4957.37439346592,4922.50043853455,5027.54483871932
"84",5.34061575345452,37.4419375193271,112.206123758096,464.758425573846,10.0972755010253,69.4869576209571,289.524577991339,49.1321987242706,10.7419188289184,29.0920909082476,69.1217886635947,79.6531354424483,1.84018290126767,1.65007353229375,1.32553998222724,0.430244545278433,1.08822960260133,0.976902382457381,0.642647923209836,0.602142168654489,1.07762311497523,0.924234734866713,0.937674265378714,0.784436438073455,4605.72834799887,5480.22045899643,894.659569972531,5009.34024861377,5150.02298729085,4759.16801960933,4592.00457780141,4906.63214441221,5006.05194788283,4977.4120787497,4911.50900701875,4960.62167533769
"85",2.04399062656319,38.4878425894806,104.370793213587,489.329483165429,78.8582221641381,35.1550386598035,302.705637158178,3.12758955297853,3.86181046148005,23.38978333666,105.363496310337,75.4208238940741,2.10853989860303,1.5838186412387,1.09927893574534,0.419685387599259,0.18868159633641,1.02768186379172,0.652831171801967,1.85322407006501,2.12971372157821,1.00232933932303,0.441910523426744,1.01618197723167,5135.6525180722,5743.58161500931,1077.77690887391,4805.29178387277,4939.55137743439,5152.66327883312,2492.48965459116,5131.63741398901,5024.92888782961,5001.11979228025,4917.45670927575,4998.84456151078
"86",3.26657026136654,38.4641929442802,97.2208731728201,448.165659403211,8.94780438857995,84.6703116624936,112.227273108796,79.7399964413425,12.3014699089578,27.789977667951,117.748058419966,69.2362471271054,2.18146793576577,1.5535415483186,1.33860169159375,0.488827996437748,0.959034881907159,0.70769793612526,0.965209605951285,0.538041907401501,0.994185910464795,1.0068592271976,0.558619876021618,0.880950254270505,4680.83366188526,8718.28228209046,1005.46589885883,5080.81115603006,4982.15908685382,4798.44315694075,4937.0874604704,4879.4694969798,4997.76066702574,5008.08342881785,4895.7728739339,4961.74917427577
"87",3.10250182946983,46.1871260888487,131.253672806292,434.346529625229,13.0354725488292,40.6064187352514,149.572938324951,21.5093613742418,8.4636973178302,28.802846153493,93.3630527188682,171.488642554665,2.16278248921038,1.49207576545218,0.751265345807575,0.430278396365066,1.02654721181185,1.2975000676773,0.924020306412269,1.05153805720788,1.22699337846899,0.772722814136501,0.516065736424556,0.520580969897772,3567.75914304332,7738.67249154638,4249.07720479497,5179.41072997113,5068.84692104024,5544.97731060722,4397.03246146181,5119.1903340887,5020.92042721348,4975.52788238074,4945.30408487746,4881.94731862709
"88",3.95011516148526,36.4185314335001,133.078459807679,447.272449381344,8.51352186013908,54.9599806309452,150.477029062495,37.1621209274147,12.4058774653485,43.9014816276022,75.1772288125486,80.7202733276094,1.94021497128816,1.66620137150103,0.737951912235766,0.558038658442416,1.01517589053325,1.0013754742783,0.980332799121498,0.990543856306905,1.03770591377523,0.766884292266893,0.775234256171769,0.96198352196677,6015.24968392291,8430.96607653022,3400.40740416818,3143.58383545512,5017.49015209675,5008.94059645397,5392.7995799609,4999.15516811984,5003.78426292096,4964.7865631621,4905.87683024756,4985.44707221925
"89",1.06728890299559,46.7682794238451,120.429208170152,445.367361769621,10.724209122378,79.4955038149501,107.433850078118,16.456482363784,10.4040290299041,23.3776298974264,63.123873765345,99.2752445026434,3.07136895541842,1.54289002685552,1.17888404397805,0.477364222031363,1.03551315185933,0.971624319357702,0.971723576090602,0.937261509686319,1.19021044021638,1.03383607587466,0.871507434459799,0.623887784127583,1019.0167315004,5818.41493095053,1021.05484135682,4594.33749809195,5052.29258070701,4458.34654171257,5179.8968692475,4941.36392379087,5007.49908312082,5030.10770982576,4918.93498993603,4935.73488020962
"90",3.42118209649422,40.1415020226532,103.539511384258,599.883685194964,7.93466490071046,133.214365977318,72.4259558028178,19.133438398823,10.656278898041,20.6096092914755,108.774469358956,88.3710291447171,2.2375248274306,1.54871013816374,1.05648390345239,0.339721426506851,1.08742053374282,0.586152593947635,1.04555422283498,0.988900953037328,1.06252491970815,0.853059176807266,0.741091236971575,0.868367766236863,5348.84650385157,10867.0142897242,1430.29003644432,4620.66795979332,5085.87438529733,4518.47256716806,5570.49782350972,5006.39364373701,5007.01438253659,4985.09122602895,4890.00317642048,4965.13382295293
"91",2.94645450683474,41.2834925288771,125.244244317115,435.805277140668,6.50913965422426,63.8067663506047,118.054017239627,29.8941539070067,5.1332490476927,20.3216237631734,62.1932171132339,38.5346045859093,2.14800594674286,1.56871469859371,0.971415301736632,0.469613134504828,1.17817343059086,0.997710111769253,0.952477781831874,0.950361099389556,1.4704170817016,1.39340047703472,0.962581683269053,1.25822425204197,3980.31948588795,7216.82190431652,1417.00713787554,4881.33626732197,5142.08499774125,5226.19893963518,4776.6169432607,4923.48596832086,5015.6613126544,5033.24676867452,4944.90626111641,5085.18696803385
"92",3.26304579703925,36.8984418721663,127.807399810151,486.74898860425,8.17873591132572,56.5760373101222,123.652167267542,23.6688651278835,5.07911648491424,27.819546558978,73.1519343439354,67.0825009922569,2.15808715580767,1.50151574494574,0.789306875985156,0.521762160895693,0.917307691693418,0.983376794494056,1.0031388569223,0.952623631088439,1.57023178171912,0.943413386725666,0.722459411651677,0.933996364293052,4676.60370043404,18366.3976802949,2591.02250372302,4492.16911139423,4958.96329382642,4964.34517608384,5292.83408001182,4835.97748050104,5039.01537182933,4969.59845871609,4925.16862900632,4963.97311608193
"93",1.29308824140507,43.9241112482064,119.205678708901,475.353511681281,6.79647124763444,46.3415799399535,111.83972487677,67.618744334208,8.50201704396916,43.9282784386342,72.1641885614922,33.5142939330881,2.49181076799888,1.49608812829619,0.759909455571118,0.430685177750628,0.931952750438696,0.997693132371134,1.04043543725456,0.599487028370945,0.975615746004812,0.436970960438265,0.979696865411869,1.26529248727407,5304.2889342332,8899.78368495282,4149.09724652464,4310.09794189317,4976.45638532166,5054.03294044741,5299.59593917365,4879.59401830693,5000.21539117834,4974.16902602214,4977.63075623964,5090.94708839797
"94",1.90316755617294,40.3826282532952,138.124195923583,424.712633943055,9.51385396148348,60.5751954662898,175.430314467988,28.855722802732,5.99886773031973,32.2472883453843,117.024134854413,78.3038963651595,2.16195414240933,1.58852441878884,0.808173938160376,0.442950853948402,0.819807045267647,1.00296938517451,0.885447745032428,1.08561840725551,1.27647230551797,0.963318844440376,0.484615850087511,0.943825491223571,5154.92544019633,5014.78909919804,2223.7010596876,4527.08049774599,4969.59043348857,5002.81028363488,4212.54933040847,5242.9479094125,5004.06487728575,4970.01631808013,4861.69884314878,4924.05532068494
"95",1.67978263077483,37.1723839650761,137.477381332808,364.430741964346,10.4044044791239,66.6937368643264,161.197372080082,50.1228809375963,6.75047013126608,28.4898930975579,72.9123624664341,74.3954216497491,2.2947736885769,1.48908621215156,0.764616576451594,0.567460977500766,0.977112876694896,0.981234707683952,0.958349021054155,0.959928104084433,1.43057754265768,1.02464254854761,0.777425909014438,0.887147319147424,6468.8228875019,15555.9148830796,2119.12515763784,4009.0583038062,4990.90728624796,5007.4603713772,4620.15329608825,4902.75548022601,5028.7793506011,4986.62882249737,4928.31464720946,4915.32955377491
"96",4.01096818989016,47.7507157271943,111.211184980327,403.536363525624,47.6769087123051,59.4003058492121,145.033338974555,13.6611654800774,7.82797071386271,25.5872373447096,100.531584180242,40.6752308363798,2.0589416067029,1.45330580842226,0.878429793443872,0.604498027042521,0.30191105726825,1.02372670452385,0.824704623464823,0.98144883778387,1.09144028232189,1.01916327860089,0.29281514581969,1.05309924926406,5787.6654742635,8721.06646066152,2229.33932479573,4574.5005351129,4964.71690690875,5075.84727093626,4099.0219897385,4989.13168011709,5007.31344081673,5023.84799770883,4944.34691180314,5035.64013912495
"97",3.4324085218958,47.927920317562,155.597643034232,465.537765588476,22.4380394958646,67.1595493733762,87.8336641943971,12.9409595258877,8.85112173178998,35.9776999561554,110.970976784039,74.726105987869,2.28920697651885,1.41593698261585,0.698676948579275,0.472001824245783,0.682158472892335,0.981911636460137,0.971841405824098,1.0485595153489,1.0970144368205,0.816267378688289,0.418048900331722,1.01115813698062,3907.33475226706,14786.1502533294,3356.83241065695,4486.99513589339,4939.65265372064,4908.52740805516,4892.27093928999,5114.51943821614,5005.26394746047,4985.84787907847,4859.26262857198,4989.51384383487
"98",2.44520484217014,35.3793714846559,83.8197925689248,455.545257984886,12.7861158953006,67.5735630322606,268.783547560049,13.8531442088674,5.57361893679389,31.6218535176783,76.0556649308828,75.8022184523637,2.20800891740309,1.65990824436554,1.13433223950376,0.514860051620011,0.849653988098864,0.978822677484147,0.695918066164126,0.965951369219835,1.50910268899051,0.936363052069637,0.730591872404701,0.847353799797042,4962.26887165818,6943.00697214231,1404.42188877464,4189.8961681623,4953.30929227609,4985.17589455447,2415.15063291683,4964.4514347618,5001.78712632782,4967.2476711716,4935.62070528891,4954.25752318703
"99",1.75091541612051,45.4458404466196,112.1120007475,445.929857795364,8.6968425266259,47.7626305263072,177.626210239088,22.4436244278244,8.54500709489382,31.8700947650888,48.2022399193454,41.3560088154823,2.53985688572378,1.53896426650888,1.34370287119031,0.493389130987325,0.965272916265349,0.974629852192573,0.564034528293517,0.985835466547872,1.39191791064443,0.993616874041867,0.929158269905647,1.43838089487365,1626.73429994897,6551.11466392259,960.524487885197,4298.6649271741,4968.15549903373,4940.03746298378,4605.13039407717,4989.72384149153,5029.43636647329,4985.66871914937,4997.21100668817,5095.22363305652
"100",2.56785392931304,28.0328891730571,120.214344923194,412.603696595225,7.28872563757718,56.5188228822901,92.893858463067,26.3017450920123,5.20995300273482,37.7126140839979,64.480364942065,102.64958316558,2.13233147598697,1.6286029670952,1.12834585958394,0.474039481124299,1.02459214078658,1.00264552835625,0.977461014786399,0.932318523431484,1.93050109460838,0.878150540101166,0.713736684777576,0.950603942551569,4412.01203049557,14690.6960400744,1129.96811320356,5021.03322019358,5030.41572879518,5193.98528264109,5052.39533186953,4881.84103790258,4985.9359203051,4944.47449424427,4961.98229587961,4950.50992608466
